course_code,course_title,description,credits,prerequisites,source_url,Required Courses for MSIST,Required Courses for MSCS
INFOST 582,Introduction to Data Science,"Introduces basic concepts, background, theoretical, practical and technological aspects of data science.",3,junior standing or consent of instructor,https://catalog.uwm.edu/courses/infost/,YES,NO
INFOST 583,Survey of Information Security,"Introduces information security concepts, issues, and technological practices related to privacy, trust, and protection of information and digital assets.",3,jr st or cons instr,https://catalog.uwm.edu/courses/infost/,YES,NO
INFOST 350,Introduction to Application Development,"Introduction to the fundamental concepts of application development. Basic application development concepts will be explained, analyzed, and practiced.",3,INFOST 110(C) or graduate standing or consent of instructor,https://catalog.uwm.edu/courses/infost/,NO,NO
INFOST 790,"Project Design, Implementation, and Evaluation","Culminating experience for MSIST degree program comprising the design, implementation, and evaluation of a capstone project related to the MSIST degree tracks.",3,"graduate standing, MSIST degree candidate, INFOST 582(P), INFOST 583(P), COMPST 701(P), and COMPST 703(P); or consent of instructor",https://catalog.uwm.edu/courses/infost/,YES,NO
INFOST 547,User-Centered Interaction Design,Introduction of human-computer interaction theories and design processes. Emphasis is on applied user experience (UX) design,3,senior standing,https://catalog.uwm.edu/courses/infost/,NO,NO
INFOST 584,Survey of Web and Mobile Content Development,"Current best practices and theory for the development of content and applications across different platforms, systems, and devices emphasizing responsive design and frameworks.",3,jr st or cons instr,https://catalog.uwm.edu/courses/infost/,NO,NO
INFOST 660,Information Policy,"Explore various aspects of information policy including privacy, intellectual property, and intellectual freedom; covers applicable methodologies.",3,jr st,https://catalog.uwm.edu/courses/infost/,NO,NO
INFOST 661,Information Ethics,"Ethical traditions, concepts, and principles for the information professions in the global information society; ethical implications of information technologies.",3,jr st & InfoSt(L&I Sci) 110(P); 501(P) or cons instr,https://catalog.uwm.edu/courses/infost/,NO,NO
INFOST 671,Applied Web 3.0: Artificial Intelligence and Blockchain,"Introduction and broad survey of Web 3.0 including Artificial Intelligence AI and Blockchain. Topics: AI programming, blockchain technology and development, Artificial Intelligence, and machine learning",3,junior standing and one of the following: INFOST 350(P) or COMPSCI 351(P); or graduate standing and COMPSCI 702(P) or COMPSCI 751(P); or consent of instructor,https://catalog.uwm.edu/courses/infost/,NO,NO
INFOST 691,Special Topics in Information Science,An exploration of current topics in information science.,3,junior standing or consent of instructor,https://catalog.uwm.edu/courses/infost/,NO,NO
INFOST 695,Ethical Hacking I,"Fundamental concepts in computer security testing, the evolution of ethical hacking and the latest tools used in cyber security to test different computer systems.",3,INFOST 325(P) or graduate standing,https://catalog.uwm.edu/courses/infost/,NO,NO
INFOST 696,Ethical Hacking II,"Advanced concepts in computer security testing, the latest tools used in cyber security to test different computer systems and the creation of personal testing tools.",3, INFOST 695(P) or consent of instructor,https://catalog.uwm.edu/courses/infost/,NO,NO
INFOST 697,Cisco Routing & Switching I,"Networking and security, including IP Address translation (masking), subnetting, access lists, port security, VPNs, routing protocols and passwords.",3, jr st,https://catalog.uwm.edu/courses/infost/,NO,NO
INFOST 784,Information Security Management,"Investigation of key aspects of information security management such as policy, risk analysis and management, education and awareness training, legal compliance, ethical and legal conduct.",3,grad st; InfoSt 583 (P),https://catalog.uwm.edu/courses/infost/,NO,NO
INFOST 785,Database Management Systems for Information Professionals,Study of microcomputer data base management software (DBMS) and information retrieval (IR) systems and their potential applications for information services.,3,graduate standing,https://catalog.uwm.edu/courses/infost/,NO,NO
INFOST 465,Legal Aspects of Information Products and Services,"Introduction to legal environment surrounding development and use of information products and services, including intellectual property, and issues specific to internet and other digital mediums.",3,graduate standing,https://catalog.uwm.edu/courses/infost/,NO,NO
INFOST 687,Data Analysis for Data Science,"Development and use of data science analysis skills in statistics, probability, forecasting, prediction, optimization, clustering and visualization.",3,graduate standing,https://catalog.uwm.edu/courses/infost/,NO,NO
INFOST 714,Metadata,"Principles and application of metadata for networked information resource organization, representation, retrieval, and interoperability using a variety of schemes; focus on cultural heritage digital repositories.",3,grad st; MLIS prereqs: InfoSt 511(P); InfoSt 571(R) MSIST prereqs: InfoSt 582(P),https://catalog.uwm.edu/courses/infost/,NO,NO
INFOST 719,Advanced Topics in Information Organization,Advanced study of a particular topic in Information Organization.,3,grad st; InfoSt(L&I Sci) 511(P) or cons instr,https://catalog.uwm.edu/courses/infost/,NO,NO
INFOST 771,Data Curation,"Covers concepts and issues relevant to the curation, storage, management, and access of data including data management plans, open data initiatives, and repositories.",3,"grad st; InfoSt(L&I Sci) 501(P); 511(531)(P); 571(P), or cons instr",https://catalog.uwm.edu/courses/infost/,NO,NO
COMPSCI 351,Data Structures and Algorithms,"Programming in a structured, high-level, object-oriented language. Implementation of data structures and algorithms and their application.",3,Math Placement Level 40 orÊMATHÊ116(P) orÊMATHÊ211(P); a grade of C or better inÊCOMPSCI251,https://catalog.uwm.edu/courses/compsci/,NO,YES
COMPSCI 361,Introduction to Software Engineering,"Introduction to core topics of software engineering including requirements analysis, object-oriented design, testing, and project management. Overview of ethical and social issues in computing.",3,"a grade of C or better inÊCOMPSCI 351(P), satisfaction of GER English Composition competency requirement",https://catalog.uwm.edu/courses/compsci/,NO,NO
COMPSCI 395,"Social, Professional, and Ethical Issues","The social, professional and ethical issues that arise in the context of professional computing.",3,sophomore standing or consent of instructor.,https://catalog.uwm.edu/courses/compsci/,NO,NO
COMPSCI 411,Machine Learning and Applications,"Important topics and application in machine learning, including deep learning. Provides hands-on experience with machine learning software and libraries.",3,"completion of one of the following:ÊCOMPSCI 202(P),ÊCOMPSCI 241(P), orÊCOMPSCI 250(P); or consent of instructor.",https://catalog.uwm.edu/courses/compsci/,NO,NO
COMPSCI 417,Introduction to the Theory of Computation,"Introduction to formal languages, grammars and automata. Finite state automata, pushdown automata, turing machines. Regular, context-free recursive and recursively enumerable languages. Decidability.",3,junior standing and a grade of C or better inÊCOMPSCI 317(P) orÊMATHÊ341(P).,https://catalog.uwm.edu/courses/compsci/,NO,NO
COMPSCI 422,Introduction to Artificial Intelligence,"Introduction to core techniques and broad survey of AI. Topics include: Lisp, heuristic search, knowledge representation, planning, vision, learning.",3,"junior standing, COMPSCI 351(P), and a grade of C or better in COMPSCI 317(P) or both MATH 341(P) and MTHSTAT 361(P).",https://catalog.uwm.edu/courses/compsci/,NO,NO
COMPSCI 423,Introduction to Natural Language Processing,"Introduction to natural language processing programs and an overview of the field. Topics include syntactic frameworks, parsing, semantics, interpretation, and applications.",3, junior standing and a grade of C or better in COMPSCI 351(P).,https://catalog.uwm.edu/courses/compsci/,NO,NO
COMPSCI 425,Introduction to Data Mining,"Algorithms for uncovering useful information from data. Topics include data exploration, association rules, clustering, supervised learning, and mining structured data (e.g., sequences or graphs).",3,Counts as repeat of COMPSCI 657 with similar topic.,https://catalog.uwm.edu/courses/compsci/,NO,NO
COMPSCI 431 ,Programming Languages Concepts,"Examination of abstract features of languages. Study of syntactic and semantic models; design and programming in procedural, object-oriented, functional and logical languages. Implementation methods.",3,junior standing and a grade of C or better in COMPSCI 351(P).,https://catalog.uwm.edu/courses/compsci/,NO,NO
COMPSCI 443,Intelligent User Interfaces and Usability Assessment,"Critical reading and discussion of scientific literature on the principles, methods, and current research in intelligent user interfaces including applications, architectures, and evaluation.",3,jr st.,https://catalog.uwm.edu/courses/compsci/,NO,NO
COMPSCI 444,Introduction to Text Retrieval and Its Applications in Biomedicine,"Introduction to text retrieval, text classification and their biomedical applications; topics include: indexing, query processing, and document retrieval methods.",3, COMPSCI 444 and HCA 444 are jointly offered and count as repeats of one another.,https://catalog.uwm.edu/courses/compsci/,NO,NO
COMPSCI 458,Computer Architecture,"Processor organization, memory hierarchy, pipelining, computer architectures exploiting instruction/data/thread level parallelism, warehouse scale computers.",3, COMPSCI 458 and ELECENG 458 are jointly offered and count as repeats of one another.,https://catalog.uwm.edu/courses/compsci/,NO,YES
COMPSCI 459,Fundamentals of Computer Graphics,"Scan-line algorithms, object representation, homogeneous coordinates, geometric transformations, viewing curves, illumination models, interactive input methods, texture mapping.",3," junior standing and COMPSCI 251(P); and MATH 211(P), MATH 213(P), MATH 221(P), or MATH 231(P).",https://catalog.uwm.edu/courses/compsci/,NO,NO
COMPSCI 469,Introduction to Computer Security,"Privacy and authenticity of data and programs, communication, operating systems, network and database security, computer viruses, cryptography, private and public key cryptosystems, protocols.",3, junior standing; a grade of C or better in both COMPSCI 317(P) and COMPSCI 251(P).,https://catalog.uwm.edu/courses/compsci/,NO,NO
COMPSCI 481,Server-side Internet Programming,"Introduces students to the concept of server-side programming and web applications development. Topics include dynamic web site development, session management, security, and relational databases.",3,"junior standing; one of COMPSCI 113(P), INFOST 320(P), or ART 324(P); a grade of C or better in COMPSCI 202(P), COMPSCI 361(P) or COMPST 702(P).",https://catalog.uwm.edu/courses/compsci/,NO,NO
COMPSCI 482,Rich Internet Applications,Create standard-compliant web applications using client-side JavaScript and the Document Object Model.,3, junior standing; COMPSCI 361(P) or COMPSCI 481(P).,https://catalog.uwm.edu/courses/compsci/,NO,NO
COMPSCI 511,Symbolic Logic,First-order predicate calculus; formal properties of theoretical systems; chief results of modern mathematical logic; advanced topics such as completeness and computability.,3,"COMPSCI 511, MATH 511 and PHILOS 511 are jointly offered and count as repeat of each other.",https://catalog.uwm.edu/courses/compsci/,NO,NO
COMPSCI 520,Computer Networks,"Layered network architecture, protocols, data transmission, local area networks, multiplexing and switching, routing flow and congestion control, internetworking, wireless networking, network reliability and security.",3,junior standing; COMPSCI 537(P) or ELECENG 440(P),https://catalog.uwm.edu/courses/compsci/,NO,NO
COMPSCI 522,Computer Game Design,"Design of rules, environments, rewards, and punishments, Game metrics, Including artificial intelligence in games, Puzzle generation, Automatic design, Humanness test, Influence maps, Diversity, Unpredictability.",3,Counts as repeat of COMPSCI 657 with similar topic.,https://catalog.uwm.edu/courses/compsci/,NO,NO
COMPSCI 530,Computer Networks Laboratory,"Experimentation with Wired and Wireless Computer Networks Design. Data Link and MAC Protocols, LANs, WANs, Routing, Transport Layer Protocols, Congestion Control, Network Security, Network Management.",3,junior standing and COMPSCI 520(P).,https://catalog.uwm.edu/courses/compsci/,NO,NO
COMPSCI 535,Algorithm Design and Analysis,"Introduction to abstract data structures, analysis of time and space requirements of numerical and non-numerical algorithms methods for data manipulation.",3,"junior standing; MATH 211(P), MATH 213(P), MATH 221(P) or MATH 231(P); a grade of C or better in COMPSCI 351(P); and COMPSCI 317(P) or both MATH 341(P) and MTHSTAT 361(P).",https://catalog.uwm.edu/courses/compsci/,NO,YES
COMPSCI 536,Software Engineering,"Software engineering, the software life cycle, qualities of software; design, specification and verification of software, programming environments and tools, object oriented programming.",3,junior standing and a grade of C or better in COMPSCI 251(P).,https://catalog.uwm.edu/courses/compsci/,NO,NO
COMPSCI 537,Introduction to Operating Systems,"Process management including process creation, switching, multithreading, scheduling, communication and concurrency control; memory management including paging, segmentation and virtual memory; systems programming.",3,junior standing; COMPSCI 337(P); and COMPSCI 458(C) or ELECENG 458(C).,https://catalog.uwm.edu/courses/compsci/,NO,YES
COMPSCI 547,User-Centered Interaction Design,Introduction of human-computer interaction theories and design processes. Emphasis is on applied user experience (UX) design.,3, COMPSCI 547 and INFOST 547 are jointly offered and count as repeats of one another.,https://catalog.uwm.edu/courses/compsci/,NO,NO
COMPSCI 552,Advanced Object-Oriented Programming,An advanced course in object-oriented programming. Abstraction; single and multiple inheritance; dynamic binding of functions; polymorphic types and operators; survey of object-oriented techniques.,3,junior standing and a grade of C or better in both COMPSCI 351(P) and COMPSCI 361(P).,https://catalog.uwm.edu/courses/compsci/,NO,NO
COMPSCI 557,Introduction to Database Systems,General database system concepts. Physical data organization. Data models and database systems. Database design theory. Query optimization. Transaction management. Logic and database.,3,junior standing and COMPSCI 251(P) or equivalent.,https://catalog.uwm.edu/courses/compsci/,NO,NO
COMPSCI 581,Web Languages and Standards,"Introduction to languages and standards for Web applications, including markup, schema, style, transformation, and metadata languages. Document programming interfaces. Emphasis on programming language principles.",3,junior standing; COMPSCI 431(P); COMPSCI 417(R).,https://catalog.uwm.edu/courses/compsci/,NO,NO
COMPSCI 594,Capstone Project Preparation,Student teams will develop requirements and functionality specifications for their capstone projects and conduct the necessary research on the prior art and technologies to be used.,1,junior standing; COMPSCI 431(P); COMPSCI 417(R).,https://catalog.uwm.edu/courses/compsci/,NO,NO
COMPSCI 595,Capstone Project,Students will integrate their knowledge of the undergraduate computer science curriculum by implementing a significant computer science team project.,3,"senior standing, COMPSCI 351(P), COMPSCI 361(P), COMPSCI 594(P) and credit in at least 6 credits of 400 or higher COMPSCI or ELECENG courses.",https://catalog.uwm.edu/courses/compsci/,NO,NO
COMPSCI 599 ,Senior Thesis,Independent scholarly research in Computer Science supervised by a faculty member.,3,senior standing and consent of instructor.,https://catalog.uwm.edu/courses/compsci/,NO,NO
COMPSCI 620,Undergraduate Seminar in AlgorithmsVariable topics seminar in algorithms,none,1, COMPSCI 535(P),https://catalog.uwm.edu/courses/compsci/,NO,NO
COMPSCI 654,Introduction to Compilers,"Fundamentals of compiler construction for modern programming languages. Syntax analysis, table organization, storage administration, semantic routines and code generation",3," junior standing, COMPSCI 431(P), and COMPSCI 655(C)",https://catalog.uwm.edu/courses/compsci/,NO,NO
COMPSCI 655,Compiler Implementation Laboratory,"Implementation of compiler phases: scanner, parser, semantic analysis; code generation and optimization.",3,"Prereq. junior standing, COMPSCI 431(P); COMPSCI 654(C) or COMPSCI 754(C).",https://catalog.uwm.edu/courses/compsci/,NO,NO
COMPSCI 657,Topics in Computer Science,Lectures on recent advances in computer science. Specific credits and any additional prerequisites will be announced in Schedule of Classes whenever course is offered.,3,junior standing.,https://catalog.uwm.edu/courses/compsci/,NO,NO
COMPSCI 658 ,Topics in Applied Computing,Lectures on recent advances in applied computing. Specific credits and any additional prerequisites will be announced in Schedule of Classes whenever course is offered.,3,junior standing.,https://catalog.uwm.edu/courses/compsci/,NO,NO
COMPSCI 699 ,Independent Study,none,3,junior standing and consent of instructor,https://catalog.uwm.edu/courses/compsci/,NO,NO
COMPSCI 700 ,CEAS Graduate Seminar,"Seminar in professional ethics, oral and written communication, contemporary social issues, career development, time management, and laboratory safety.",3,graduate standing,https://catalog.uwm.edu/courses/compsci/,NO,NO
COMPSCI 704 ,Analysis of Algorithms,"Introduction to concrete complexity theory and efficient algorithms. Fast data structure and graph algorithms, matrix multiplication, algebraic and numeric algorithms, reducibilities and np-completeness. Exponential and non-elementary lower bounds.",3,"graduate standing, COMPSCI 217(P) and COMPSCI 535(P)",https://catalog.uwm.edu/courses/compsci/,NO,NO
COMPSCI 708 ,Scientific Computing,"Fundamental algorithms and practical issues of scientific computing, including Monte Carlo simulations, data fitting, fast Fourier transform, optimization, numerical integration & differentiation, parallel computing, selected biomedical applications.",3,graduate standing,https://catalog.uwm.edu/courses/compsci/,NO,NO
COMPSCI 710 ,Artificial Intelligence,"AI programming, search techniques game playing, knowledge representation, knowledge acquisition, expert systems, selected topics from learning. Natural language understanding, vision and robotics.",3,"graduate standing, COMPSCI 351 or COMPST 751, and COMPSCI 535(P)",https://catalog.uwm.edu/courses/compsci/,NO,NO
COMPSCI 711 ,Introduction to Machine Learning,"Introduction to machine learning techniques and applications, including optimal classification, regression, support vector machines, boosting, deep learning, and clustering.",3,graduate standing,https://catalog.uwm.edu/courses/compsci/,NO,NO
COMPSCI 712,Image Processing,"This course covers the materials required to process and enhance photographic images, remote sensor multispacial scanner data and others. Topics include transform techniques, recorders, discriminate function, and associated hardware.",3,graduate standing,https://catalog.uwm.edu/courses/compsci/,NO,NO
COMPSCI 714,Computational Geometry,"Special data structures and algorithmic techniques for representing and minipulating geometric objects, such as points, lines and polygons. Applications to vlsi design and robotics",3,graduate standing,https://catalog.uwm.edu/courses/compsci/,NO,NO
COMPSCI 715 ,Programming for Machine Learning,"Introduction of Python for machine learning. including Python constructs, imperative, functional, and object-oriented programming using Python, Python's concurrency models, and its applications in machine learning and scientific computing",3,graduate standing,https://catalog.uwm.edu/courses/compsci/,NO,NO
COMPSCI 718 ,Advanced Computer Graphics: Modeling and Animation,"Advanced graphics topics on mesh processing, illumination models, ray-tracing, and volumetric data visualization; popular animation approaches such as keyframes, particles, fluids and rigid bodies",3,graduate standing,https://catalog.uwm.edu/courses/compsci/,NO,NO
COMPSCI 720,Computational Models of Decision Making,Theoretical foundations and practical problems of formulating and constructing computational models of decision making.,3, basic course in Probability or Statistics.,https://catalog.uwm.edu/courses/compsci/,NO,NO
COMPSCI 722,Artificial Intelligence Planning Techniques,"Algorithms and representations for classical and more expressive planning, search control techniques, study and comparison of a variety of planners, applications of planning.",3,graduate standing and COMPSCI 535(P),https://catalog.uwm.edu/courses/compsci/,NO,NO
COMPSCI 723,Natural Language Processing,"Principles and problems of natural language processing with emphasis on recent advances and open problems. Topics: lexicons, parsing, interpretation, discourse structure, generation, and collaborative interfaces.",3,graduate standing and COMPSCI 351 or COMPST 751,https://catalog.uwm.edu/courses/compsci/,NO,NO
COMPSCI 724 ,Distributed Algorithms,"Identification of canonical problems in distributed computing, design and analysis of algorithms to solve these problems. Formal proof techniques and impossibility results.",3,"graduate standing and COMPSCI 517(P), COMPSCI 535(P), or COMPSCI 523(P)",https://catalog.uwm.edu/courses/compsci/,NO,NO
COMPSCI 725,Robot Motion Planning,"Configuration space, C-obstacles, sampling-based algorithms, potential fields, coverage, hierarchical motion planning, human control, relaxation, moving or deformable obstacles, multirobot motion planning, metrics, outdoor planning.",3,graduate standing,https://catalog.uwm.edu/courses/compsci/,NO,NO
COMPSCI 729,Real-Time Operating Systems,Fundamentals of real-time operating systems with emphasis on scheduling and resource management.,3,graduate standing,https://catalog.uwm.edu/courses/compsci/,NO,NO
COMPSCI 730,Advanced Computer Networks,"Network architecture, protocols, routing, congestion control, traffic management, ATM, optical networks, TCP/IP, LANs, WANs, QOS, wireless and mobile networks, mobility management, security, multimedia, network management.",3,COMPSCI 520(P),https://catalog.uwm.edu/courses/compsci/,NO,NO
COMPSCI 732 ,Type Systems for Programming Languages,"Lambda calculus, simple types, record types, subtypes, polymorphic types, type reconstruction, universal types, bounded quantification, higher-order types.",3,graduate standing and COMPSCI 431(P),https://catalog.uwm.edu/courses/compsci/,NO,NO
COMPSCI 736 ,Advanced Software Engineering,"The systematic and disciplined approach to developing, deploying, and maintaining software, emphasizing empirical principles, collaboration, and continuous improvement to build high-quality software efficiently.",3,"graduate standing, COMPST 751(P), and COMPSCI 431G(P)",https://catalog.uwm.edu/courses/compsci/,NO,NO
COMPSCI 737 ,Software Project Management,Concepts and techniques for management of large software projects. Life cycle models; team organization; cost estimation and budgeting; schedule and risk management; software metrics.,3,graduate standing and COMPSCI 361(P) or equivalent.,https://catalog.uwm.edu/courses/compsci/,NO,NO
COMPSCI 738 ,Program Analysis for Software Engineering,"Static techniques for determining run-time properties of a program: data-flow analysis, abstract interpretation.",3,graduate standing,https://catalog.uwm.edu/courses/compsci/,NO,NO
COMPSCI 743 ,Intelligent User Interfaces,"Principles, methods, and current research in intelligent user interfaces including applications, architectures, knowledge representation, and evaluation.",3,graduate standing,https://catalog.uwm.edu/courses/compsci/,NO,NO
COMPSCI 744,Text Retrieval and Its Applications in Biomedicine,"Fundamental issues and current research in text retrieval, text classification and their biomedical applications; programming and use of indexing, query processing, and document retrieval methods.",3, graduate standing or consent of instructor.,https://catalog.uwm.edu/courses/compsci/,NO,NO
COMPSCI 746 ,Immersive Technologies and 3D User Interfaces,"Immersive input/output devices, software, and systems. Implementation and analysis of spatial interaction techniques (selection, manipulation, navigation, system control). Virtual reality application theory and development.",3,graduate standing.,https://catalog.uwm.edu/courses/compsci/,NO,NO
COMPSCI 747,Principles & Practices of User Interface Design,"Principles and practices of user interface design for desktop, web, and mobile applications: interaction principles; UI design elements; user-centered design process and practices.",3,graduate standing.,https://catalog.uwm.edu/courses/compsci/,NO,NO
COMPSCI 754 ,Compiler Construction and Theory,"Fundamentals of compiler construction for modern programming languages. Syntax analysis, table organization, storage administration, semantic routines and code generation.",3,graduate standing.,https://catalog.uwm.edu/courses/compsci/,NO,NO
COMPSCI 755 ,Information and Coding Theory,"Information measures, entropy, source coding, channon's theorems, channel capacity, error correcting codes, linear codes, convolutional codes, arithmetic codes, encoding and decoding algorithms",3,graduate standing.,https://catalog.uwm.edu/courses/compsci/,NO,NO
COMPSCI 757,Data Base Organization and File Structure,"Introduction to automatic information organization and retrieval. Dictionary construction and operation, statistical and syntactic operations, performance evaluation of retrieval systems, design of query languages, models of database systems, database security.",3,graduate standing; COMPSCI 217(P) and COMPSCI 535(P).,https://catalog.uwm.edu/courses/compsci/,NO,NO
COMPSCI 758,Advanced Computer Architecture,"Advanced topics in computer architecture including pipeline processing, multiple and parallel processing systems, performance enhancement issues and vlsi computing structures.",3, graduate standing and COMPSCI 458(NP) or ELECENG 458(NP),https://catalog.uwm.edu/courses/compsci/,NO,NO
COMPSCI 759 ,Data Security,"Protection of data in computer and communication systems, cryptography, classical one key and public key cryptosystems, database protection, operating system security",3,graduate standing and COMPSCI 317(P),https://catalog.uwm.edu/courses/compsci/,NO,NO
COMPSCI 760 ,Computer Systems Performance Evaluation,"Performance measurement and tools, workload characterization, markov models, queueing theory, simulation, benchmarks, data analysis, parallel systems performance analysis.",3,"graduate standing, COMPSC 458(P) or ELECENG 458(P)",https://catalog.uwm.edu/courses/compsci/,NO,NO
COMPSCI 761 ,Software Testing and Verification,"Software testing techniques: test case generation, test oracles, regression testing, structural testing, test coverage, mutation testing, and model-based testing. Testing for object-oriented and distributed software. Security testing.",3,graduate standing and COMPSCI 361(P) or equivalent,https://catalog.uwm.edu/courses/compsci/,NO,NO
COMPSCI 762 ,Fault-Tolerant Computing,"Faults in digital circuits, fault detection, fault location, system reconfiguration or repair, system recovery, design for testibility, self-checking circuits, fault-tolerant interconnection networks, systems level fault-diagnosis, fault-tolerant software.",3,graduate standing and ELECENG 354(P),https://catalog.uwm.edu/courses/compsci/,NO,NO
COMPSCI 780,Multimedia Systems,"Survey of principles and applications of multimedia computer systems. Media fundamentals. Networking, architecture, software engineering, and user interface issues.",3,COMPSCI 537(P),https://catalog.uwm.edu/courses/compsci/,NO,NO
COMPSCI 805,Randomized Algorithms; Pseudorandom Numbers,"Probabilistic algorithms in number theory, combinatorics, graph theory, and computational geometry. Sorting and searching. Applications to parallel computation. Interactive proofs. Derandomization of algorithms.",3, COMPSCI 704(P) and COMPSCI 523(R),https://catalog.uwm.edu/courses/compsci/,NO,NO
COMPSCI 810 ,Knowledge Representation,"Study of the design and properties of formalisms for representing knowledge in computational systems. Topics include: first-order logic, nonmonotonic logic, uncertainty, time, space, beliefs, plans.",3,graduate standing and COMPSCI 710(P),https://catalog.uwm.edu/courses/compsci/,NO,NO
COMPSCI 811 ,Advanced Machine Learning,"Advanced topics and applications in machine learning, including deep learning, recurrent neural networks, EM algorithm and clustering, reinforcement learning, Markov models and MCMC, and variational inference.",3, ELECENG 711(P) or ELECENG 420(P) and COMPSCI 411(P); or consent of instructor.,https://catalog.uwm.edu/courses/compsci/,NO,NO
COMPSCI 854,Advanced Compiler Techniques,"Details of compiler construction: syntax theory, attribute grammars, implementing advanced language features, optimization",3,graduate standing and COMPSCI 654(P) or COMPSCI 754(P),https://catalog.uwm.edu/courses/compsci/,NO,NO
COMPSCI 859 ,Advanced Cryptography and Security Protocols,"Elliptic curve cryptography, AES, cryptanalysis, secret sharing, zero knowledge proofs, provable security",3,graduate standing; COMPSCI 469(P) and COMPSCI 535(P); or COMPSCI 759(P),https://catalog.uwm.edu/courses/compsci/,NO,NO
COMPSCI 888,Candidate for Degree,Available for graduate students who must meet minimum credit load requirement.,3,graduate standing,https://catalog.uwm.edu/courses/compsci/,NO,NO
COMPSCI 990 ,Masters Thesis,Master Thesis,3, graduate standing; consent of instructor,https://catalog.uwm.edu/courses/compsci/,NO,NO
COMPSCI 995 ,Master's Capstone Project,Independent project supervised by student's adviser,3,"graduate standing, consent of instructor and graduate program committee",https://catalog.uwm.edu/courses/compsci/,NO,NO
COMPSCI 998,Doctoral Thesis,none,1 to 12,"graduate standing, consent of instructor and graduate program committee.",https://catalog.uwm.edu/courses/compsci/,NO,NO
COMPSCI 999,Advanced Independent Study,none,3,"graduate standing, consent of instructor and graduate program committee",https://catalog.uwm.edu/courses/compsci/,NO,NO
COMPST 701,Computing Fundamentals for IT Professionals,"A survey of computer science fundamentals. Topics include data storage and manipulation, operating systems and networks, algorithms and data structures, programming languages, artificial intelligence, parallel computing, and computability.",3,graduate standing.,https://catalog.uwm.edu/courses/compst/,YES,NO
COMPST 702,Introductory Programming Using Python,Programming in Python. Basic control structures including recursion. Basic and library data types. Problem solving with objects. Writing classes. Basic software development skills.,3,graduate standing.,https://catalog.uwm.edu/courses/compst/,NO,NO
COMPST 703,Software Development Life Cycle,"Introduction to core topics of the software development life cycle including requirements analysis, object-oriented design, testing, maintenance and project management. Overview of ethical and social issues in computing.",3,COMPSCI 701(P) or equivalent.,https://catalog.uwm.edu/courses/compst/,YES,NO
COMPST 750,Problem Solving with Object-Oriented Programming,"Problem solving with object-oriented programming language. Topics include arrays, strings, classes, standard data structures, graphical user interfaces, exceptions, files, debugging, and configuration management.",3,"Previous programming experience such as COMPSCI 702(P), COMPSCI 240(P), or COMPSCI 250(P).",https://catalog.uwm.edu/courses/compst/,NO,NO
COMPST 751,Data Structures and Algorithms,"Programming in a structured, high-level, object-oriented language. Implementation of data structures and algorithms and their application.",3,COMPST 750(P); COMPSCI 251(R).,https://catalog.uwm.edu/courses/compst/,NO,NO
COMPST 789,Software Internship,Supervised work experience in software with a minimum of 150 hours.,1,Repeatable to 3 cr max. Satisfactory/Unsatisfactory only. Prior consent of graduate program director required.,https://catalog.uwm.edu/courses/compst/,NO,NO
COMPST 790,Advanced Topics in Computer Studies,Discussion of special advanced topics in the study of computing. Retakable with change in topic to 9 cr max.,1 to 3,grad st; add'l prereqs depending on topic.,https://catalog.uwm.edu/courses/compst/,NO,NO
BUS ADM 713,Business Forecasting Methods,"Overview and use of modern forecasting methods in support of managerial strategic planning, financial, and operational analysis of a dynamic global business environment.",3,grad st; BusMgmt 709(P) or Bus Adm 754(P).,https://catalog.uwm.edu/courses/bus_adm/,NO,NO
BUSMGMT 744,R Programming for Business Analytics,Focus on basic data manipulation and statistical modeling in R. The objective is to develop R programm,3,grad st; BusMgmt 709(P).,https://catalog.uwm.edu/course-search/,NO,NO
HI 741,Essential Programming for Health Informatics,Study of programming topics and skills necessary to perform commonly encountered computational tasks in the field of biomedical and health informatics.,3,graduate standing or consent of instructor.,https://catalog.uwm.edu/course-search/,NO,NO
PH 718,Data Management and Visualization in R,This course covers basic concepts and techniques for statistical programming with the R computing language.,3,PH711; cons instr.,https://catalog.uwm.edu/course-search/,NO,NO
BUS ADM 743,"Information Privacy, Security & Continuity",Privacy threats and safeguards; identifying information system vulnerabilities; planning and managing security measures. Ethical and legal perspectives concerning information and data.,3,grad st,https://catalog.uwm.edu/courses/bus_adm/,NO,NO
BUS ADM 817,Connected Systems for Business,"Overview of connected systems, including cloud computing and IoT. Design and develop technology infrastructure for business applications. Infrastructure management strategies, security, reliability, and performance considerations.",3,graduate standing.,https://catalog.uwm.edu/courses/bus_adm/,NO,NO
BUS ADM 741,Web Mining and Analytics,"Measurement methods and analysis of web-based data for strategic decisions; methods and technologies in web mining, visualization, predictive analytics and text mining for knowledge discovery and business analysis.",3,graduate standing.,https://catalog.uwm.edu/courses/bus_adm/,NO,NO
BUS ADM 744,Information Technology Strategy and Management,"Various frameworks to evaluate strategic value of IT, aligning IT and competitive business strategies, IT governance models, managing IT operations and outsourcing ethically.",3,grad st,https://catalog.uwm.edu/courses/bus_adm/,NO,NO
BUS ADM 746,Topics in Information Technology Management,Topics are limited to the areas in management information systems and business application. Specific topics and any additional prerequisites will be announced in the Timetable each time the course is offered.,3,grad st.,https://catalog.uwm.edu/courses/bus_adm/,NO,NO
BUS ADM 749,Data and Information Management,"Managing structured, semi-structured and unstructured data, data integrity management, data representation, data integration, governance and administration, data quality and reporting information.",3,grad st,https://catalog.uwm.edu/courses/bus_adm/,NO,NO
BUS ADM 754,Statistical Analysis,"Business applications of probability theory and statistical methods to managerial problems of prediction, inference and decision making under uncertainty.",3,grad st; cons instr,https://catalog.uwm.edu/courses/bus_adm/,NO,NO
BUS ADM 763,Marketing Analytics,Theoretical background provided to develop hands-on experience analyzing marketing data and using statistical models for marketing decisions.,3,grad st; BusMgmt 709(C) or cons instr.,https://catalog.uwm.edu/courses/bus_adm/,NO,NO
BUS ADM 769,Database Marketing,"Introduction to using and analyzing data on current and prospective customers to increase sales, customer acquisition, and customer retention.",3,grad st; BusMgmt 709(C) or cons instr,https://catalog.uwm.edu/courses/bus_adm/,NO,NO
BUS ADM 816,Business Intelligence Technologies & Solutions,"Develop business intelligence (BI) solutions using data warehousing, OLAP, and data mining technologies. Students will use SAP Analytics and other tools for implementing BI solutions.",3,grad st,https://catalog.uwm.edu/courses/bus_adm/,NO,NO